date,customer,dividend,shareholder_meeting,actual
20150101,12,0,0,0
20150102,215,0,0,0
20150103,24,0,0,0
20150104,37,0,0,0
20150105,120,0,0,0
20150106,324,0,0,0
20150107,205,2,0,0
20150108,175,0,0,0
20150109,178,0,0,0
20150110,25,0,0,0
20150111,71,0,0,0
20150112,213,0,0,0
20150113,128,0,0,0
20150114,79,0,0,0
20150115,166,0,0,0
20150116,99,0,1,0
20150117,41,0,0,0
20150118,52,0,0,0
20150119,372,2,0,0
20150120,242,0,0,0
20150121,115,6,0,0
20150122,97,18,0,0
20150123,145,6,0,0
20150124,19,0,0,0
20150125,21,0,0,0
20150126,233,26,0,0
20150127,182,20,0,0
20150128,127,26,1,1
20150129,67,58,0,1
20150130,580,22,0,0
20150131,46,0,0,0
20150201,30,0,0,0
20150202,248,24,0,0
20150203,122,30,0,0
20150204,243,62,0,0
20150205,226,130,0,1
20150206,141,40,0,0
20150207,5,0,0,0
20150208,22,0,0,0
20150209,498,40,0,2
20150210,336,40,0,0
20150211,256,76,0,0
20150212,72,162,1,2
20150213,90,54,0,7
20150214,28,0,0,0
20150215,7,0,0,0
20150216,203,60,0,14
20150217,63,44,2,8
20150218,9,0,0,0
20150219,11,0,0,0
20150220,5,0,0,0
20150221,10,0,0,0
20150222,16,0,0,0
20150223,195,42,0,2
20150224,138,76,1,4
20150225,168,84,1,5
20150226,137,166,1,16
20150227,100,78,8,18
20150228,25,0,0,0
20150301,8,0,0,0
20150302,109,60,0,26
20150303,300,90,2,14
20150304,264,48,0,22
20150305,88,106,0,65
20150306,304,34,7,22
20150307,21,0,0,0
20150308,103,0,0,0
20150309,178,26,2,28
20150310,3099,28,4,46
20150311,5089,36,1,74
20150312,12450,50,2,301
20150313,192,12,75,40
20150314,4,0,0,0
20150315,52,0,0,0
20150316,1066,10,10,56
20150317,1530,1,11,61
20150318,242,0,15,159
20150319,81,0,38,513
20150320,1484,0,444,84
20150321,10,0,0,0
20150322,11,0,0,0
20150323,215,0,19,72
20150324,581,1,36,10
20150325,909,0,51,9
20150326,7849,2,109,7
20150327,1789,4,844,11
20150328,369,0,0,0
20150329,154,0,0,1
20150330,1322,0,145,17
20150331,351,0,149,54
20150401,350,0,2,24
20150402,2145,0,0,29
20150403,4944,0,1,23
20150404,31,0,0,0
20150405,27,0,0,0
20150406,1209,0,1,14
20150407,2731,0,0,21
20150408,2974,0,0,21
20150409,2188,0,7,20
20150410,246,0,3,21
20150411,20,0,0,0
20150412,48,0,0,0
20150413,2510,0,0,14
20150414,406,0,0,11
20150415,247,0,0,2
20150416,543,0,2,0
20150417,612,0,0,2
20150418,471,0,0,0
20150419,453,0,0,0
20150420,1474,0,0,0
20150421,143,0,1,1
20150422,165,0,0,0
20150423,226,0,0,0
20150424,153,0,2,0
20150425,26,0,0,0
20150426,9,0,0,0
20150427,352,0,1,1
20150428,172,0,1,1
20150429,261,0,0,4
20150430,227,0,4,6
20150501,78,0,0,0
20150502,28,0,0,0
20150503,58,0,0,0
20150504,187,0,0,3
20150505,58,0,0,0
20150506,128,0,0,1
20150507,237,0,0,3
20150508,67,0,0,7
20150509,30,0,0,0
20150510,17,0,0,0
20150511,437,0,0,9
20150512,349,0,0,23
20150513,108,4,0,53
20150514,515,2,0,191
20150515,143,1,0,1260
20150516,18,0,0,0
20150517,2,0,0,0
20150518,258,0,0,2
20150519,232,0,0,1
20150520,165,0,0,3
20150521,188,2,0,4
20150522,108,0,0,2
20150523,11,0,0,0
20150524,7,0,0,0
20150525,21,0,0,0
20150526,2963,4,1,5
20150527,205,3,0,2
20150528,188,10,2,6
20150529,295,1,1,25
20150530,20,0,0,0
20150531,95,0,0,0
20150601,204,0,0,23
20150602,116,0,0,0
20150603,91,0,0,1
20150604,163,0,0,0
20150605,265,2,0,1
20150606,5,0,0,0
20150607,15,0,0,0
20150608,150,0,0,1
20150609,240,0,0,1
20150610,203,0,0,0
20150611,259,2,1,2
20150612,160,2,1,0
20150613,5,0,0,0
20150614,7,0,0,0
20150615,196,1,0,2
20150616,144,0,0,2
20150617,210,3,0,1
20150618,130,2,0,6
20150619,140,0,3,6
20150620,5,0,0,0
20150621,33,0,0,0
20150622,186,0,0,3
20150623,174,0,1,0
20150624,433,1,1,0
20150625,233,0,0,0
20150626,325,0,9,0
20150627,54,0,0,0
20150628,10,0,0,0
20150629,171,0,8,0
20150630,342,0,2,2
20150701,173,0,0,1
20150702,158,0,0,1
20150703,132,0,0,0
20150704,8,0,0,0
20150705,11,0,0,0
20150706,195,0,0,1
20150707,238,0,0,0
20150708,140,1,0,0
20150709,200,2,0,0
20150710,133,0,0,0
20150711,17,0,0,0
20150712,22,0,0,0
20150713,186,1,0,2
20150714,163,0,0,0
20150715,238,0,0,1
20150716,98,2,0,0
20150717,125,0,0,0
20150718,7,0,0,0
20150719,1,0,0,0
20150720,177,2,0,0
20150721,374,3,0,0
20150722,497,4,0,0
20150723,170,6,0,0
20150724,91,2,0,0
20150725,25,0,0,0
20150726,43,0,0,0
20150727,756,1,0,0
20150728,144,0,1,1
20150729,104,5,0,1
20150730,112,2,0,0
20150731,254,1,0,3
20150802,11,0,0,0
20150803,245,0,0,1
20150804,197,2,0,0
20150805,254,0,0,1
20150806,372,7,0,1
20150807,210,1,0,6
20150808,152,0,0,0
20150809,16,0,0,0
20150810,242,1,0,9
20150811,167,0,0,19
20150812,142,0,0,40
20150813,97,3,0,603
20150815,113,0,0,0
20150816,2,0,0,0
20150817,282,0,0,896
20150818,339,0,0,5
20150819,286,0,0,2
20150820,189,0,0,2
20150821,203,0,0,4
20150822,65,0,0,0
20150823,4,0,0,0
20150824,185,0,0,5
20150825,271,2,0,1
20150826,150,1,0,5
20150827,105,2,0,4
20150828,164,0,2,20
20150829,23,0,0,0
20150830,10,0,0,0
20150831,186,1,0,27
20150901,252,0,0,1
20150902,163,0,0,0
20150903,192,0,0,0
20150904,153,0,0,0
20150905,43,0,0,0
20150906,15,0,0,0
20150907,329,0,0,1
20150908,401,0,0,0
20150909,523,0,0,0
20150910,282,2,0,3
20150911,239,0,0,1
20150912,5,0,0,0
20150913,22,0,0,0
20150914,171,0,0,2
20150915,212,0,0,3
20150916,149,0,0,0
20150917,295,1,0,7
20150918,103,0,4,0
20150919,12,0,0,0
20150920,26,0,0,0
20150921,379,1,1,0
20150922,250,0,0,0
20150923,218,0,3,0
20150924,186,0,1,2
20150925,130,0,8,1
20150926,20,0,0,0
20150927,2,0,0,0
20150928,4,0,0,0
20150929,24,0,0,0
20150930,616,0,2,1
20151001,98,1,0,0
20151002,190,1,0,2
20151003,32,0,0,0
20151004,128,0,0,0
20151005,512,0,0,1
20151006,497,1,0,0
20151007,407,3,0,1
20151008,150,0,0,3
20151009,464,0,0,0
20151010,662,0,0,0
20151011,125,0,0,0
20151012,471,0,0,0
20151013,339,0,0,2
20151014,255,0,0,1
20151015,249,0,1,1
20151016,176,0,0,0
20151017,19,0,0,0
20151018,55,0,0,0
20151019,385,0,0,0
20151020,754,0,0,0
20151021,632,0,0,1
20151022,2226,0,0,0
20151023,128,0,0,0
20151024,21,0,0,0
20151025,27,0,0,0
20151026,697,0,0,0
20151027,223,0,0,0
20151028,1158,0,0,2
20151029,193,0,0,1
20151030,176,0,0,6
20151031,25,0,0,0
20151101,80,0,0,0
20151102,301,0,0,5
20151103,322,0,0,2
20151104,221,0,0,3
20151105,149,0,0,6
20151106,179,0,0,5
20151107,10,0,0,0
20151108,92,0,0,0
20151109,321,0,0,12
20151110,142,2,0,14
20151111,238,0,0,45
20151112,152,0,0,71
20151113,360,0,0,492
20151114,100,0,0,0
20151115,98,0,0,0
20151116,198,2,0,962
20151117,255,2,0,5
20151118,352,0,1,10
20151119,278,0,0,0
20151120,296,0,0,5
20151121,93,0,0,0
20151122,33,0,0,0
20151123,229,0,1,5
20151124,349,0,0,1
20151125,383,4,0,5
20151126,511,0,0,4
20151127,588,4,0,19
20151128,82,0,0,0
20151129,129,0,0,0
20151130,201,2,0,27
20151201,562,0,0,1
20151202,570,0,0,0
20151203,144,0,0,0
20151204,294,0,0,0
20151205,10,0,0,0
20151206,99,0,0,0
20151207,238,10,0,0
20151208,315,6,0,0
20151209,389,8,2,0
20151210,165,4,0,1
20151211,304,2,0,0
20151212,37,0,0,0
20151213,78,0,0,0
20151214,270,2,2,2
20151215,375,8,0,2
20151216,715,14,0,0
20151217,550,8,0,0
20151218,129,8,1,2
20151219,36,0,0,0
20151220,54,0,0,0
20151221,156,10,0,0
20151222,373,8,1,0
20151223,310,14,0,0
20151224,310,20,1,0
20151225,2,0,0,0
20151226,113,0,0,0
20151227,82,0,0,0
20151228,358,2,1,1
20151229,351,0,3,0
20151230,219,0,0,1
20151231,64,0,0,0
20160102,44,2,0,0
20160103,14,0,0,0
20160104,340,0,0,0
20160105,342,0,0,0
20160106,391,0,0,0
20160107,301,2,0,0
20160108,282,0,0,0
20160109,18,0,0,0
20160110,56,0,0,0
20160111,354,0,0,0
20160112,308,0,0,0
20160113,233,1,0,0
20160114,430,0,0,1
20160115,345,4,0,1
20160116,22,0,0,0
20160117,126,0,0,0
20160118,144,0,0,2
20160119,163,0,0,1
20160120,218,2,0,0
20160121,279,10,0,0
20160122,222,8,0,4
20160123,20,0,0,0
20160124,107,0,0,0
20160125,223,18,0,0
20160126,203,36,1,0
20160127,208,22,0,0
20160128,288,60,0,0
20160129,197,20,0,1
20160130,27,0,0,0
20160131,25,0,0,0
20160201,231,30,1,0
20160202,152,28,0,0
20160203,170,58,0,0
20160204,150,190,0,1
20160205,141,62,0,1
20160206,17,0,0,0
20160207,17,0,0,0
20160209,88,0,0,0
20160210,33,0,0,0
20160211,321,106,0,0
20160212,276,84,0,4
20160213,43,0,0,0
20160214,59,0,0,0
20160215,159,78,0,32
20160216,327,62,0,3
20160217,681,50,1,1
20160218,393,36,0,4
20160219,206,34,0,6
20160220,41,0,0,0
20160221,106,0,0,0
20160222,272,46,0,3
20160223,339,58,0,9
20160224,279,92,0,7
20160225,283,153,0,12
20160226,162,104,4,16
20160227,18,0,0,0
20160228,94,0,0,0
20160229,254,65,4,16
20160301,114,0,0,0
20160302,243,62,0,16
20160303,200,118,0,58
20160304,262,44,9,32
20160305,56,0,0,0
20160306,64,0,0,0
20160307,311,40,2,16
20160308,307,48,2,36
20160309,280,60,2,71
20160310,337,68,4,242
20160311,244,8,53,46
20160312,300,0,0,0
20160313,112,0,0,0
20160314,270,18,9,43
20160315,328,8,2,77
20160316,391,0,3,125
20160317,339,0,16,531
20160318,174,0,331,94
20160319,21,0,0,0
20160320,187,0,0,0
20160321,341,0,12,114
20160322,243,1,16,137
20160323,674,0,19,5
20160324,330,0,70,5
20160325,278,2,817,6
20160326,36,0,0,0
20160327,106,0,0,0
20160328,343,2,125,8
20160329,333,0,186,15
20160330,426,0,274,31
20160331,407,0,5,29
20160401,353,0,0,19
20160402,27,0,0,1
20160403,277,0,0,0
20160404,394,0,0,20
20160405,674,0,0,21
20160406,361,0,1,24
20160407,211,0,0,22
20160408,186,0,0,25
20160409,16,0,0,0
20160410,83,0,0,0
20160411,253,0,0,20
20160412,410,0,1,17
20160413,21,0,0,0
20160414,246,0,0,13
20160415,205,0,0,1
20160416,34,0,0,0
20160417,108,0,0,0
20160418,359,0,0,0
20160419,252,0,1,1
20160420,359,0,0,2
20160421,354,0,0,0
20160422,201,0,0,0
20160423,19,0,0,0
20160424,65,0,0,0
20160425,255,0,1,0
20160426,180,0,0,3
20160427,127,0,1,3
20160428,164,0,1,3
20160429,173,0,2,4
20160430,119,0,0,0
20160501,5,0,0,0
20160502,256,0,0,1
20160503,301,0,0,1
20160504,282,0,0,4
20160505,16,0,0,0
20160506,35,0,0,0
20160507,9,0,0,0
20160508,75,0,0,0
20160509,134,0,0,12
20160510,210,1,0,6
20160511,217,0,0,32
20160512,341,3,0,67
20160513,189,7,0,402
20160514,30,0,0,0
20160515,57,0,0,0
20160516,310,0,0,1119
20160517,655,2,0,3
20160518,201,4,0,2
20160519,289,2,0,7
20160520,450,0,0,0
20160521,36,0,0,0
20160522,14,0,0,0
20160523,245,0,0,4
20160524,315,0,0,6
20160525,162,1,0,0
20160526,131,6,0,4
20160527,311,0,0,11
20160528,3,0,0,0
20160529,96,0,0,0
20160530,294,2,0,33
20160531,152,1,0,3
20160601,581,0,0,3
20160602,155,0,0,1
20160603,360,2,1,1
20160604,10,0,0,0
20160605,10,0,0,0
20160606,6,0,0,0
20160607,310,0,0,1
20160608,1648,0,0,1
20160609,172,0,0,1
20160610,370,2,1,0
20160611,23,0,0,0
20160612,11,0,0,0
20160613,395,0,0,0
20160614,486,0,0,0
20160615,466,1,1,1
20160616,197,2,0,9
20160617,291,0,1,6
20160618,14,0,0,0
20160619,84,0,0,0
20160620,295,3,0,1
20160621,278,0,0,5
20160622,603,1,0,1
20160623,228,0,1,0
20160624,202,0,10,1
20160625,29,0,0,0
20160626,71,0,0,0
20160627,420,0,2,0
20160628,300,0,2,0
20160629,255,0,4,0
20160630,473,0,1,2
20160701,251,1,0,1
20160702,12,0,0,0
20160703,112,0,0,0
20160704,169,0,0,0
20160705,305,0,0,0
20160706,265,1,0,0
20160707,235,0,0,0
20160708,128,0,0,0
20160709,12,0,0,0
20160710,47,0,0,0
20160711,179,0,0,0
20160712,291,1,0,0
20160713,336,1,0,0
20160714,292,2,0,1
20160715,209,0,0,1
20160716,7,0,0,0
20160717,60,0,0,0
20160718,280,1,0,1
20160719,172,0,0,1
20160720,304,0,0,0
20160721,224,3,0,0
20160722,371,2,0,0
20160723,11,0,0,0
20160724,135,0,0,0
20160725,201,5,0,0
20160726,989,7,0,0
20160727,118,1,0,0
20160728,400,3,0,0
20160729,157,1,1,1
20160730,41,0,0,0
20160731,41,0,0,0
20160801,163,0,0,0
20160802,176,0,0,0
20160803,192,0,0,2
20160804,270,1,0,2
20160805,212,4,0,1
20160806,7,0,0,0
20160807,58,0,0,0
20160808,246,1,0,7
20160809,370,2,0,8
20160810,312,0,0,14
20160811,171,2,0,52
20160812,137,3,0,466
20160813,3,0,0,0
20160814,1,0,0,0
20160815,149,0,0,0
20160816,189,1,1,1117
20160817,950,0,0,6
20160818,1168,0,0,2
20160819,853,0,0,0
20160820,8,0,0,0
20160821,72,0,0,0
20160822,187,0,0,3
20160823,475,0,0,3
20160824,1546,0,0,2
20160825,1741,7,0,4
20160826,1391,0,1,25
20160827,43,0,0,0
20160828,59,0,0,0
20160829,239,0,0,37
20160830,907,0,1,0
20160831,312,1,2,0
20160901,727,0,0,2
20160902,217,0,0,4
20160903,104,0,0,0
20160904,3195,0,0,0
20160905,1619,0,0,1
20160906,300,0,0,1
20160907,317,2,0,0
20160908,419,1,0,1
20160909,947,0,0,2
20160910,3597,0,0,0
20160911,946,0,0,0
20160912,311,1,0,4
20160913,177,0,0,5
20160914,11,0,0,0
20160915,13,0,0,0
20160916,64,0,0,0
20160917,21,0,0,0
20160918,113,0,0,0
20160919,480,1,0,4
20160920,693,0,0,1
20160921,2149,0,0,1
20160922,735,1,1,0
20160923,374,0,4,0
20160924,15,0,0,0
20160925,497,0,0,0
20160926,526,0,3,0
20160927,292,0,1,0
20160928,346,0,4,0
20160929,258,0,0,0
20160930,155,0,0,2
20161001,13,0,0,0
20161002,2,0,0,0
20161003,58,0,0,0
20161004,234,0,0,2
20161005,263,0,0,0
20161006,327,0,0,1
20161007,239,0,0,0
20161008,5,0,0,0
20161009,52,0,0,0
20161010,349,2,0,1
20161011,304,0,0,0
20161012,190,0,0,0
20161013,313,2,1,0
20161014,298,0,0,1
20161015,199,0,0,0
20161016,160,0,0,0
20161017,442,0,0,1
20161018,298,1,0,0
20161019,209,0,0,0
20161020,394,0,0,1
20161021,420,0,0,4
20161022,20,0,0,0
20161023,80,0,0,0
20161024,126,0,0,2
20161025,375,0,0,0
20161026,535,0,0,2
20161027,283,0,0,1
20161028,295,0,0,1
20161029,57,0,0,0
20161030,95,0,0,0
20161031,104,0,0,3
20161101,247,0,0,2
20161102,190,0,0,3
20161103,277,0,0,4
20161104,338,1,0,9
20161105,35,0,0,0
20161106,73,0,0,0
20161107,270,1,0,1
20161108,326,1,0,4
20161109,185,0,0,23
20161110,293,2,0,40
20161111,258,0,0,298
20161112,36,0,0,0
20161113,95,0,0,0
20161114,230,0,0,1314
20161115,197,2,0,4
20161116,272,2,0,2
20161117,450,0,0,4
20161118,893,0,1,4
20161119,1034,0,0,0
20161120,1083,0,0,0
20161121,2870,0,0,9
20161122,350,0,0,2
20161123,359,0,0,1
20161124,354,0,0,2
20161125,295,0,1,10
20161126,61,0,0,0
20161127,4189,0,0,0
20161128,291,0,0,10
20161129,247,0,1,40
20161130,741,4,0,0
20161201,914,0,0,0
20161202,347,0,0,0
20161203,21,0,0,0
20161204,73,0,0,0
20161205,401,16,0,0
20161206,368,2,0,0
20161207,308,2,0,0
20161208,320,4,0,0
20161209,465,0,0,1
20161210,17,0,0,0
20161211,194,0,0,0
20161212,186,8,0,1
20161213,212,2,0,0
20161214,353,12,0,1
20161215,422,8,0,1
20161216,419,22,1,1
20161217,104,0,0,0
20161218,9,0,0,0
20161219,297,16,0,0
20161220,299,10,1,1
20161221,314,14,0,1
20161222,305,6,0,1
20161223,315,8,2,2
20161224,18,0,0,0
20161225,91,0,0,0
20161226,237,6,0,1
20161227,306,2,1,0
20161228,397,0,1,0
20161229,340,0,2,0
20161230,22,0,0,0
20161231,19,0,0,0
20170101,110,0,0,0
20170102,148,0,0,0
20170103,493,2,0,0
20170104,304,0,0,0
20170105,233,0,0,0
20170106,252,0,0,0
20170107,11,0,0,0
20170108,68,0,0,0
20170109,186,0,0,0
20170110,215,2,0,1
20170111,346,0,0,0
20170112,329,0,0,2
20170113,381,0,0,1
20170114,1034,0,0,0
20170115,102,0,0,0
20170116,241,0,0,3
20170117,506,0,0,3
20170118,221,4,0,0
20170119,255,8,0,0
20170120,279,12,1,1
20170121,13,0,0,0
20170122,101,0,0,0
20170123,669,14,0,0
20170124,716,34,0,0
20170125,291,64,0,2
20170126,186,22,0,0
20170127,301,0,0,0
20170128,131,0,0,0
20170129,400,0,0,0
20170130,44,0,0,0
20170131,432,28,0,0
20170201,408,24,0,0
20170202,901,62,0,0
20170203,298,48,0,0
20170204,21,0,0,0
20170205,364,0,0,0
20170206,259,34,1,0
20170207,369,62,0,0
20170208,305,64,0,0
20170209,325,200,0,3
20170210,225,56,0,2
20170211,160,0,0,0
20170212,84,0,0,0
20170213,409,22,0,9
20170214,683,70,0,29
20170215,421,56,0,1
20170216,397,62,0,3
20170217,246,54,1,2
20170218,230,0,0,0
20170219,78,0,0,0
20170220,276,48,0,6
20170221,350,38,0,2
20170222,383,54,0,4
20170223,352,136,1,9
20170224,254,135,2,15
20170225,44,0,0,0
20170226,41,0,0,0
20170227,463,58,0,7
20170228,283,117,6,15
20170301,117,0,0,0
20170302,239,92,1,30
20170303,304,80,4,21
20170304,934,0,0,0
20170305,77,0,0,0
20170306,289,54,1,27
20170307,456,86,0,25
20170308,527,68,2,54
20170309,314,76,2,154
20170310,219,28,27,38
20170311,19,0,0,0
20170312,74,0,0,0
20170313,384,14,8,42
20170314,375,20,6,65
20170315,598,10,7,160
20170316,1560,16,8,599
20170317,427,0,177,66
20170318,76,0,0,0
20170319,73,0,0,0
20170320,840,0,8,89
20170321,425,10,10,92
20170322,2611,2,21,130
20170323,500,0,54,144
20170324,402,0,923,12
20170325,74,0,0,0
20170326,111,0,0,0
20170327,419,0,73,3
20170328,300,4,99,11
20170329,269,2,113,13
20170330,573,0,209,14
20170331,432,2,285,44
20170401,75,0,0,0
20170402,172,0,0,0
20170403,338,0,1,23
20170404,302,0,0,21
20170405,368,0,0,19
20170406,264,0,1,17
20170407,362,0,0,16
20170408,51,0,0,0
20170409,137,0,0,0
20170410,495,0,0,18
20170411,607,0,0,18
20170412,435,0,0,11
20170413,353,0,0,10
20170414,295,0,0,9
20170415,24,0,0,0
20170416,84,0,0,0
20170417,333,0,0,3
20170418,292,0,0,1
20170419,362,0,1,0
20170420,334,0,0,1
20170421,309,0,1,2
20170422,74,0,0,0
20170423,169,0,0,0
20170424,288,0,2,0
20170425,171,0,3,1
20170426,308,0,1,0
20170427,498,2,1,3
20170428,290,1,2,3
20170429,17,0,0,0
20170430,119,0,0,0
20170501,14,0,0,0
20170502,159,0,0,4
20170503,46,0,0,0
20170504,102,0,0,1
20170505,30,0,0,0
20170506,32,0,0,0
20170507,67,0,0,0
20170508,198,0,0,7
20170509,65,0,0,0
20170510,448,0,0,25
20170511,256,3,0,38
20170512,260,3,0,246
20170513,41,0,0,0
20170514,104,0,0,0
20170515,237,2,0,1414
20170516,399,0,0,3
20170517,379,6,0,3
20170518,440,4,0,2
20170519,450,0,0,4
20170520,11,0,0,0
20170521,68,0,0,0
20170522,533,0,0,3
20170523,428,0,0,2
20170524,387,0,0,0
20170525,407,4,0,1
20170526,438,0,0,15
20170527,14,0,0,0
20170528,109,0,0,0
20170529,371,0,0,6
20170530,629,3,0,35
20170531,461,7,0,1
20170601,452,0,0,5
20170602,313,2,0,1
20170603,31,0,0,0
20170604,186,0,0,0
20170605,221,0,0,0
20170606,12,0,0,0
20170607,174,0,0,0
20170608,390,0,0,2
20170609,924,0,2,5
20170610,71,0,0,0
20170611,68,0,0,0
20170612,473,0,0,0
20170613,346,0,0,0
20170614,268,0,0,0
20170615,240,2,1,9
20170616,410,0,2,4
20170617,16,0,0,0
20170618,85,0,0,0
20170619,272,0,0,3
20170620,377,4,1,5
20170621,471,0,0,2
20170622,339,0,1,1
20170623,239,0,5,0
20170624,13,0,0,0
20170625,191,0,0,0
20170626,221,0,4,1
20170627,223,0,1,2
20170628,230,0,5,1
20170629,201,0,2,0
20170630,275,0,0,2
20170701,9,0,0,0
20170702,39,0,0,0
20170703,321,0,0,1
20170704,302,2,0,0
20170705,457,1,0,0
20170706,384,0,0,0
20170707,412,0,0,0
20170708,16,0,0,0
20170709,73,0,0,0
20170710,232,1,0,0
20170711,291,1,0,0
20170712,562,0,0,1
20170713,160,1,0,2
20170714,453,1,0,0
20170715,58,0,0,0
20170716,87,0,0,0
20170717,131,0,0,1
20170718,243,0,0,1
20170719,385,0,0,0
20170720,645,2,0,0
20170721,165,1,0,0
20170722,41,0,0,0
20170723,67,0,0,0
20170724,376,3,0,0
20170725,441,0,0,0
20170726,265,12,0,0
20170727,256,3,0,1
20170728,278,4,1,0
20170729,25,0,0,0
20170730,74,0,0,0
20170731,196,0,0,1
20170801,178,1,0,3
20170802,273,1,0,2
20170803,334,0,0,2
20170804,239,3,0,2
20170805,36,0,0,0
20170806,232,0,0,0
20170807,231,0,0,3
20170808,291,2,0,10
20170809,175,0,0,17
20170810,336,3,0,44
20170811,138,5,0,475
20170812,36,0,0,0
20170813,108,0,0,0
20170814,469,2,0,1197
20170815,34,0,0,0
20170816,330,0,0,1
20170817,273,0,0,4
20170818,50,0,0,5
20170819,20,0,0,0
20170820,119,0,0,0
20170821,271,0,0,2
20170822,177,0,0,4
20170823,224,0,0,5
20170824,178,2,0,2
20170825,358,2,0,13
20170826,20,0,0,0
20170827,65,0,0,0
20170828,124,2,0,8
20170829,322,1,0,44
20170830,179,0,0,0
20170831,313,2,0,1
20170901,293,0,0,2
20170902,103,0,0,0
20170903,164,0,0,0
20170904,330,1,0,0
20170905,267,0,0,0
20170906,247,0,0,1
20170907,194,2,0,1
20170908,249,1,0,3
20170909,14,0,0,0
20170910,71,0,0,0
20170911,288,0,0,1
20170912,329,0,0,0
20170913,452,0,0,1
20170914,199,0,0,4
20170915,292,0,0,1
20170916,64,0,0,0
20170917,74,0,0,0
20170918,242,0,0,2
20170919,230,1,0,0
20170920,216,1,0,4
20170921,217,1,0,3
20170922,196,0,4,1
20170923,49,0,0,0
20170924,31,0,0,0
20170925,4124,0,1,0
20170926,316,0,2,0
20170927,421,0,0,1
20170928,243,0,5,1
20170929,235,0,1,1
20170930,26,0,0,0
20171001,1,0,0,0
20171002,38,0,0,0
20171003,4,0,0,0
20171004,2,0,0,0
20171006,81,0,0,0
20171007,21,0,0,0
20171008,21,0,0,0
20171009,13,0,0,0
20171010,179,5,0,0
20171011,236,1,0,0
20171012,312,3,0,1
20171013,128,0,0,0
20171014,107,0,0,0
20171015,116,0,0,0
20171016,748,0,0,0
20171017,917,0,0,1
20171018,1099,0,0,1
20171019,666,0,0,0
20171020,394,0,0,2
20171021,93,0,0,0
20171022,71,0,0,0
20171023,258,0,0,1
20171024,160,0,0,1
20171025,394,0,1,0
20171026,248,0,0,4
20171027,332,0,1,2
20171028,65,0,0,0
20171029,79,0,0,0
20171030,220,0,0,2
20171031,596,3,0,2
20171101,425,0,0,2
20171102,254,0,0,0
20171103,205,2,0,4
20171104,28,0,0,0
20171105,205,0,0,0
20171106,210,0,0,2
20171107,261,0,0,6
20171108,192,1,0,10
20171109,269,2,0,9
20171110,552,0,0,60
20171111,23,0,0,0
20171112,186,0,0,0
20171113,204,0,0,204
20171114,331,1,0,1484
20171115,192,0,0,2
20171116,386,0,0,5
20171117,121,0,0,8
20171118,26,0,0,0
20171119,151,0,0,0
20171120,240,0,0,3
20171121,291,0,0,3
20171122,144,0,0,3
20171123,103,0,0,1
20171124,175,0,0,6
20171125,10,0,0,0
20171126,69,0,0,0
20171127,147,2,1,5
20171128,341,2,0,11
20171129,245,2,0,46
20171130,190,4,0,0
20171201,338,0,0,2
20171202,11,0,0,0
20171203,49,0,0,0
20171204,226,8,0,0
20171205,549,6,0,0
20171206,211,6,0,0
20171207,151,2,0,1
20171208,220,2,0,1
20171209,4,0,0,0
20171210,93,0,0,0
20171211,180,14,0,1
20171212,251,6,0,2
20171213,175,8,0,0
20171214,214,6,0,0
20171215,182,24,0,3
20171216,151,0,0,0
20171217,55,0,0,0
20171218,208,14,0,3
20171219,256,8,1,1
20171220,141,26,0,2
20171221,319,8,0,1
20171222,162,8,3,2
20171223,2,0,0,0
20171224,32,0,0,0
20171225,31,0,0,0
20171226,124,4,0,0
20171227,184,0,0,0
20171228,82,0,1,2
20171229,103,0,1,0
20171230,42,0,0,0
20171231,31,0,0,0
20180101,38,0,0,0
20180102,152,0,0,0
20180103,118,0,0,0
20180104,126,2,0,0
20180105,145,0,0,0
20180106,55,0,0,0
20180107,74,0,0,0
20180108,233,2,0,2
20180109,140,4,0,0
20180110,158,0,0,0
20180111,98,0,0,0
20180112,192,0,0,0
20180113,17,0,0,0
20180114,96,0,0,0
20180115,274,2,0,1
20180116,150,0,0,2
20180117,198,0,0,0
20180118,153,2,0,0
20180119,112,0,0,0
20180120,80,0,0,0
20180121,74,0,0,0
20180122,161,6,0,0
20180123,179,28,0,0
20180124,155,8,0,0
20180125,166,38,0,0
20180126,144,18,0,4
20180127,6,0,0,0
20180128,115,0,0,0
20180129,185,20,0,0
20180130,155,52,0,0
20180131,182,26,1,1
20180201,140,56,0,0
20180202,148,30,0,1
20180203,10,0,0,0
20180204,130,0,0,0
20180205,157,56,1,0
20180206,179,76,0,1
20180207,221,116,0,0
20180208,168,208,0,1
20180209,198,50,0,2
20180210,4,2,0,0
20180211,79,0,0,0
20180212,340,72,0,3
20180213,246,76,0,6
20180214,259,64,0,29
20180215,3,0,0,0
20180217,2,0,0,0
20180218,35,0,0,0
20180219,164,46,1,2
20180220,224,54,0,7
20180221,164,82,0,2
20180222,242,126,0,5
20180223,280,100,2,7
20180224,86,4,0,0
20180225,61,0,0,0
20180226,255,65,1,5
20180227,221,118,1,10
20180228,352,131,6,22
20180301,4,0,0,0
20180302,144,56,1,13
20180303,23,0,0,0
20180304,49,0,0,0
20180305,258,74,0,16
20180306,208,78,0,27
20180307,249,92,0,33
20180308,179,100,2,112
20180309,187,14,11,37
20180310,52,0,0,0
20180311,38,0,0,0
20180312,468,16,7,36
20180313,417,52,5,70
20180314,262,12,5,169
20180315,586,26,8,446
20180316,3585,0,122,120
20180317,433,0,0,0
20180318,139,0,0,0
20180319,167,2,14,150
20180320,230,1,8,208
20180321,256,1,32,127
20180322,180,0,158,259
20180323,175,4,544,2
20180324,110,0,1,0
20180325,78,0,0,0
20180326,328,0,147,8
20180327,331,1,162,14
20180328,323,10,280,14
20180329,264,0,150,13
20180330,117,2,452,19
20180331,25,0,1,0
20180401,68,0,0,0
20180402,356,0,0,31
20180403,277,0,0,22
20180404,195,0,0,22
20180405,217,0,0,20
20180406,285,0,0,9
20180407,34,0,0,0
20180408,77,0,0,0
20180409,175,0,0,18
20180410,158,0,0,23
20180411,193,0,0,15
20180412,211,0,0,10
20180413,172,0,0,9
20180414,20,0,0,0
20180415,10,0,0,0
20180416,403,0,0,3
20180417,226,0,1,5
20180418,212,0,1,1
20180419,157,0,0,0
20180420,116,0,0,1
20180421,20,0,0,0
20180422,88,0,0,1
20180423,233,0,0,2
20180424,170,0,2,0
20180425,261,2,2,0
20180426,237,5,1,0
20180427,181,3,2,0
20180429,22,0,0,0
20180430,138,0,3,8
20180501,44,0,0,0
20180502,213,0,0,1
20180503,218,2,0,3
20180504,141,0,0,3
20180505,5,0,0,0
20180506,91,0,0,0
20180507,31,0,0,0
20180508,283,0,0,6
20180509,182,0,1,10
20180510,425,0,0,12
20180511,411,2,0,70
20180512,75,0,0,0
20180513,25,0,0,0
20180514,68,2,0,208
20180515,107,3,0,1510
20180516,305,4,0,3
20180517,245,0,0,2
20180518,242,2,0,6
20180519,7,0,0,0
20180520,11,0,0,0
20180521,138,0,0,2
20180522,38,0,0,0
20180523,127,0,0,5
20180524,163,2,0,3
20180525,151,0,0,5
20180526,122,0,0,0
20180527,249,0,0,0
20180528,253,0,0,5
20180529,326,3,0,9
20180530,224,2,0,40
20180531,245,1,0,1
20180601,125,0,0,0
20180602,48,0,0,0
20180603,63,0,0,0
20180604,191,0,0,0
20180605,122,0,0,0
20180606,19,0,0,0
20180607,184,0,0,2
20180608,80,2,1,2
20180609,4,0,0,0
20180610,22,0,0,0
20180611,190,0,0,0
20180612,161,0,0,2
20180613,12,0,0,0
20180614,118,0,0,3
20180615,119,1,2,2
20180616,25,0,0,0
20180617,7,0,0,0
20180618,368,0,0,0
20180619,161,0,0,2
20180620,203,3,0,4
20180621,98,0,0,3
20180622,148,1,4,0
20180623,160,0,0,0
20180624,31,0,0,0
20180625,301,0,3,2
20180626,133,0,0,0
20180627,248,0,1,2
20180628,109,0,5,0
20180629,87,0,4,1
20180630,5,0,0,0
20180701,11,0,0,0
20180702,745,0,0,0
20180703,239,0,0,0
20180704,317,0,0,0
20180705,266,1,0,1
20180706,150,0,0,0
20180707,62,0,0,0
20180708,12,0,0,0
20180709,684,0,0,0
20180710,318,0,0,0
20180711,282,3,0,0
20180712,133,0,0,0
20180713,110,3,0,2
20180714,3,0,0,0
20180715,54,0,0,0
20180716,300,0,0,1
20180717,102,0,0,1
20180718,113,2,0,0
20180719,142,5,0,1
20180720,87,1,0,0
20180721,36,0,0,0
20180722,193,0,0,0
20180723,193,2,0,0
20180724,177,4,0,0
20180725,233,5,0,1
20180726,306,9,0,0
20180727,173,5,0,1
20180728,162,0,0,0
20180729,83,0,0,0
20180730,411,0,1,0
20180731,223,7,0,0
20180801,287,0,0,0
20180802,187,0,0,0
20180803,90,1,0,1
20180804,7,0,0,0
20180805,20,0,0,0
20180806,156,0,0,2
20180807,130,2,0,2
20180808,356,0,0,3
20180809,257,2,0,8
20180810,200,4,0,57
20180811,290,0,0,0
20180812,68,0,0,0
20180813,232,1,0,119
20180814,159,1,0,1657
20180815,46,0,0,0
20180816,283,0,0,4
20180817,122,0,0,7
20180818,43,0,0,0
20180819,38,0,0,0
20180820,189,0,0,6
20180821,334,0,0,2
20180822,261,0,0,3
20180823,303,4,0,1
20180824,242,0,0,7
20180825,22,0,0,0
20180826,975,0,0,0
20180827,167,2,0,1
20180828,687,0,0,10
20180829,143,0,0,42
20180830,363,1,0,0
20180831,314,1,0,0
20180901,36,0,0,0
20180902,3,0,0,0
20180903,109,0,0,0
20180904,222,0,0,0
20180905,101,0,0,1
20180906,208,2,0,2
20180907,136,0,0,0
20180908,4,0,0,0
20180909,70,0,0,0
20180910,269,0,0,0
20180911,89,0,0,1
20180912,117,0,0,1
20180913,225,0,0,4
20180914,173,0,0,0
20180915,3,0,0,0
20180916,18,0,0,0
20180917,649,1,0,0
20180918,1560,0,0,1
20180919,308,0,1,3
20180920,160,1,0,3
20180921,145,0,4,0
20180922,5,0,0,0
20180923,8,0,0,0
20180924,226,0,0,0
20180925,1,0,0,0
20180926,88,0,0,0
20180927,205,0,2,0
20180928,89,0,6,3
20180929,9,0,0,0
20180930,3,0,0,1
20181001,209,0,0,1
20181002,163,0,0,0
20181003,9,0,0,0
20181004,165,0,0,1
20181005,98,1,0,0
20181006,14,0,0,0
20181007,88,0,0,0
20181008,209,0,0,1
20181009,63,0,0,0
20181010,285,2,0,1
20181011,249,0,0,1
20181012,81,0,0,1
20181013,49,0,0,0
20181014,140,0,0,0
20181015,223,0,0,2
20181016,522,0,0,1
20181017,205,3,0,0
20181018,62,0,0,2
20181019,100,0,0,3
20181020,127,0,0,0
20181021,79,0,0,0
20181022,330,0,0,0
20181023,518,0,0,0
20181024,411,0,0,2
20181025,282,0,2,0
20181026,417,1,0,3
20181027,220,0,0,0
20181028,18,0,0,0
20181029,556,2,0,0
20181030,450,0,0,1
20181031,347,4,0,0
20181101,382,0,0,1
20181102,195,0,0,1
20181103,42,0,0,0
20181104,87,0,0,0
20181105,384,1,0,9
20181106,535,3,0,11
20181107,375,0,0,5
20181108,221,3,0,11
20181109,322,4,0,23
20181110,28,0,0,0
20181111,144,0,0,0
20181112,286,0,0,49
20181113,372,1,0,194
20181114,310,3,0,1577
20181115,299,2,0,8
20181116,365,2,0,7
20181117,67,0,0,0
20181118,110,0,0,0
20181119,342,2,0,3
20181120,297,2,0,3
20181121,294,0,0,0
20181122,254,2,0,6
20181123,167,0,1,4
20181124,84,0,0,0
20181125,58,0,0,0
20181126,551,1,0,2
20181127,760,0,0,3
20181128,977,0,0,8
20181129,404,0,0,42
20181130,500,4,0,0
20181201,173,0,0,0
20181202,115,0,0,0
20181203,268,2,0,0
20181204,324,8,0,0
20181205,406,0,0,0
20181206,815,6,0,1
20181207,950,8,0,0
20181208,22,0,0,0
20181209,114,0,0,0
20181210,729,10,0,1
20181211,431,14,0,0
20181212,528,6,0,0
20181213,451,6,0,1
20181214,598,16,0,0
20181215,24,0,0,0
20181216,56,0,0,0
20181217,598,24,0,0
20181218,439,16,1,2
20181219,1136,10,0,1
20181220,428,12,1,3
20181221,592,10,3,2
20181222,41,0,0,0
20181223,62,0,0,0
20181224,515,14,0,0
20181225,312,0,0,0
20181226,450,2,0,0
20181227,418,0,1,0
20181228,439,0,1,0
20181229,6,0,0,0
20181230,11,0,0,0
20181231,53,0,0,0
20190101,22,0,0,0
20190102,810,0,0,0
20190103,1497,0,1,0
20190104,313,0,0,0
20190105,9,0,0,0
20190106,31,0,0,0
20190107,391,0,0,2
20190108,194,0,0,0
20190109,237,0,0,0
20190110,212,0,0,0
20190111,301,2,0,1
20190112,11,0,0,0
20190113,82,0,0,0
20190114,350,0,0,0
20190115,312,0,0,0
20190116,549,0,0,0
20190117,209,2,0,0
20190118,208,6,0,1
20190119,217,0,0,0
20190120,25,0,0,0
20190121,351,6,0,0
20190122,207,4,0,0
20190123,291,8,0,0
20190124,227,28,0,0
20190125,267,18,0,1
20190126,12,0,0,0
20190127,99,0,0,0
20190128,204,38,0,0
20190129,292,48,0,1
20190130,361,40,0,2
20190131,384,98,0,0
20190201,374,74,0,0
20190202,14,0,0,0
20190203,33,0,0,0
20190204,224,0,0,0
20190206,205,0,0,0
20190207,385,68,0,1
20190208,219,74,0,0
20190209,26,0,0,0
20190210,84,0,0,0
20190211,479,118,0,3
20190212,497,120,0,2
20190213,492,122,0,2
20190214,487,98,0,28
20190215,278,40,0,2
20190216,27,0,0,0
20190217,157,0,0,0
20190218,373,30,0,7
20190219,466,48,1,2
20190220,393,68,0,6
20190221,528,74,0,1
20190222,392,84,0,4
20190223,101,0,0,0
20190224,116,0,0,0
20190225,393,108,0,5
20190226,390,156,1,3
20190227,257,87,1,5
20190228,179,143,7,23
20190301,4,0,0,0
20190302,34,0,0,0
20190303,66,0,0,0
20190304,372,64,1,11
20190305,501,76,0,15
20190306,270,70,0,25
20190307,358,100,0,102
20190308,355,46,4,30
20190309,166,0,0,0
20190310,252,0,0,0
20190311,542,48,1,38
20190312,395,54,4,52
20190313,334,30,6,107
20190314,676,30,9,268
20190315,499,0,98,152
20190316,9,0,0,0
20190317,145,0,0,0
20190318,425,0,19,237
20190319,836,0,13,286
20190320,336,1,28,189
20190321,416,0,104,374
20190322,673,1,315,10
20190323,55,0,0,0
20190324,108,0,1,0
20190325,562,0,150,8
20190326,535,0,257,15
20190327,523,2,361,9
20190328,484,0,221,16
20190329,367,2,592,21
20190330,55,0,2,0
20190331,46,0,0,0
20190401,483,2,0,28
20190402,618,0,0,8
20190403,1313,2,0,16
20190404,1258,0,0,13
20190405,342,0,0,11
20190406,23,0,0,0
20190407,64,0,0,0
20190408,481,2,1,17
20190409,303,0,1,13
20190410,636,0,0,16
20190411,661,1,0,20
20190412,386,0,0,14
20190413,23,0,0,0
20190414,77,0,0,0
20190415,365,0,0,7
20190416,529,2,0,0
20190417,1335,0,0,2
20190418,1513,0,0,0
20190419,2878,0,2,1
20190420,6,0,0,0
20190421,641,0,0,0
20190422,890,0,2,1
20190423,1071,0,1,1
20190424,397,0,1,0
20190425,434,3,3,0
20190426,543,0,2,1
20190427,89,0,0,0
20190428,151,0,0,0
20190429,445,1,1,1
20190430,276,4,2,3
20190501,28,0,0,0
20190502,670,0,0,1
20190503,365,0,0,3
20190504,231,0,0,0
20190505,348,0,0,0
20190506,43,0,0,0
20190507,290,0,0,7
20190508,2586,4,0,9
20190509,482,1,0,11
20190510,373,2,0,32
20190511,17,0,0,0
20190512,24,0,0,0
20190513,571,5,0,33
20190514,303,0,0,205
20190515,320,5,0,1635
20190516,485,0,0,3
20190517,2051,0,0,2
20190518,29,0,0,0
20190519,78,0,0,0
20190520,527,0,0,2
20190521,405,2,0,2
20190522,226,0,0,1
20190523,651,2,0,1
20190524,398,0,0,4
20190525,12,0,0,0
20190526,108,0,0,0
20190527,545,1,0,3
20190528,501,2,0,4
20190529,539,2,1,11
20190530,305,0,0,27
20190531,1314,1,0,1
20190601,2414,0,0,0
20190602,2058,0,0,0
20190603,363,0,0,1
20190604,415,0,0,1
20190605,410,0,0,2
20190606,8,0,0,0
20190607,208,0,1,0
20190608,76,0,0,0
20190609,160,0,0,0
20190610,280,0,0,0
20190611,519,0,0,2
20190612,264,1,0,0
20190613,453,0,0,3
20190614,432,2,1,3
20190615,19,0,0,0
20190616,6,0,0,0
20190617,417,0,0,0
20190618,594,0,0,2
20190619,495,0,1,4
20190620,1062,3,0,3
20190621,393,1,4,1
20190622,28,0,0,0
20190623,127,0,0,0
20190624,506,0,2,0
20190625,437,0,0,3
20190626,334,0,1,2
20190627,790,0,5,0
20190628,450,0,5,2
20190629,21,0,0,0
20190630,20,0,0,0
20190701,1115,0,0,2
20190702,922,0,0,0
20190703,1518,1,0,1
20190704,254,0,0,0
20190705,199,0,0,1
20190706,10,0,0,0
20190707,51,0,0,0
20190708,354,0,0,0
20190709,352,1,0,0
20190710,393,1,0,2
20190711,165,4,0,1
20190712,247,2,0,3
20190713,25,0,0,0
20190714,23,0,0,0
20190715,294,0,0,0
20190716,340,0,0,1
20190717,199,1,0,0
20190718,283,2,0,0
20190719,210,0,0,0
20190720,55,0,0,0
20190721,29,0,0,0
20190722,230,4,0,0
20190723,349,3,0,1
20190724,483,3,0,0
20190725,266,7,0,0
20190726,398,5,0,1
20190727,28,0,0,0
20190728,119,0,0,0
20190729,200,7,0,0
20190730,525,1,1,1
20190731,301,2,0,0
20190801,390,3,0,1
20190802,216,2,0,0
20190803,71,0,0,0
20190804,62,0,0,0
20190805,651,2,0,0
20190806,440,2,0,1
20190807,380,1,0,1
20190808,327,1,0,6
20190809,408,1,0,14
20190810,25,0,0,0
20190811,82,0,0,0
20190812,479,4,0,41
20190813,299,3,0,147
20190814,548,2,0,1744
20190815,53,0,0,0
20190816,425,0,0,0
20190817,34,0,0,0
20190818,36,0,0,0
20190819,459,0,0,0
20190820,411,0,0,0
20190821,376,0,0,3
20190822,457,2,0,3
20190823,293,2,0,6
20190824,25,0,0,0
20190825,12,0,0,0
20190826,768,0,0,5
20190827,1943,3,0,5
20190828,2945,0,0,8
20190829,525,0,0,27
20190830,412,1,0,0
20190831,28,0,0,0
20190901,177,0,0,0
20190902,454,0,0,0
20190903,792,0,0,0
20190904,664,0,0,1
20190905,272,0,0,2
20190906,1358,0,0,1
20190907,391,0,0,0
20190908,517,0,0,0
20190909,595,0,0,1
20190910,948,0,0,1
20190911,415,2,0,1
20190912,50,0,0,0
20190913,107,0,0,0
20190914,98,0,0,0
20190915,574,0,0,0
20190916,875,0,0,1
20190917,1175,0,0,4
20190918,518,0,0,1
20190919,745,0,0,5
20190920,374,0,1,3
20190921,20,0,0,0
20190922,85,0,0,0
20190923,1179,1,0,1
20190924,2853,1,0,2
20190925,13185,0,3,0
20190926,436,0,1,0
20190927,441,0,5,1
20190928,38,0,0,0
20190929,14,0,0,0
20190930,523,0,4,3
20191001,304,0,0,1
20191002,168,2,0,3
20191003,33,0,0,0
20191004,691,0,0,1
20191005,27,0,0,0
20191006,17,0,0,0
20191007,293,0,0,0
20191008,377,0,0,4
20191009,42,0,0,0
20191010,349,3,0,4
20191011,557,0,0,1
20191012,13,0,0,0
20191013,83,0,0,0
20191014,436,0,0,2
20191015,627,1,0,2
20191016,516,2,0,0
20191017,307,0,1,1
20191018,243,1,0,0
20191019,33,0,0,0
20191020,648,0,0,0
20191021,1567,0,0,1
20191022,162,0,0,0
20191023,594,0,0,0
20191024,268,0,0,0
20191025,220,6,1,1
20191026,39,0,0,0
20191027,85,0,0,0
20191028,438,1,0,0
20191029,313,3,0,4
20191030,324,0,1,2
20191031,318,2,0,2
20191101,321,3,0,1
20191102,26,0,0,0
20191103,37,0,0,0
20191104,381,0,0,3
20191105,394,0,0,2
20191106,133,1,0,3
20191107,409,2,1,10
20191108,400,5,0,14
20191109,21,0,0,0
20191110,67,0,0,0
20191111,477,0,0,23
20191112,421,0,0,42
20191113,406,1,0,193
20191114,279,1,0,1681
20191115,353,6,0,8
20191116,30,0,0,0
20191117,48,0,0,0
20191118,492,0,0,2
20191119,602,0,0,2
20191120,558,0,0,1
20191121,372,0,0,1
20191122,589,0,0,2
20191123,186,0,0,0
20191124,56,0,0,0
20191125,360,0,1,2
20191126,508,2,0,3
20191127,606,2,0,7
20191128,594,0,0,7
20191129,333,2,0,33
20191130,49,0,0,0
20191201,50,0,0,0
20191202,357,2,0,0
20191203,694,0,0,0
20191204,945,0,0,0
20191205,468,2,0,0
20191206,907,2,0,3
20191207,23,0,0,0
20191208,328,0,0,0
20191209,694,6,0,0
20191210,554,4,0,0
20191211,866,10,0,0
20191212,959,2,0,4
20191213,399,12,0,2
20191214,37,0,0,0
20191215,81,0,0,0
20191216,787,18,0,0
20191217,637,16,0,0
20191218,908,30,0,1
20191219,514,10,1,1
20191220,494,16,2,0
20191221,23,0,0,0
20191222,65,0,0,0
20191223,415,6,1,0
20191224,475,8,0,0
20191225,83,0,0,0
20191226,714,4,1,0
20191227,555,4,3,1
20191228,53,0,0,0
20191229,122,0,0,0
20191230,278,2,1,2
20191231,68,0,0,0
20200101,36,0,0,0
20200102,437,0,0,0
20200103,430,0,0,0
20200104,70,0,0,0
20200105,67,0,0,0
20200106,630,0,0,0
20200107,794,0,0,2
20200108,674,2,0,0
20200109,335,0,0,0
20200110,274,0,0,0
20200111,43,0,0,0
20200112,55,0,0,0
20200113,407,0,0,2
20200114,366,0,0,0
20200115,509,2,0,1
20200116,334,2,0,0
20200117,267,0,0,0
20200118,14,0,0,0
20200119,28,0,0,0
20200120,479,8,0,0
20200121,239,2,0,0
20200122,400,22,0,1
20200123,274,2,0,0
20200124,34,0,0,0
20200125,7,0,0,0
20200126,12,0,0,0
20200127,25,0,0,0
20200128,712,4,0,1
20200129,418,44,0,0
20200130,400,54,0,0
20200131,317,50,0,4
20200201,68,0,0,0
20200202,25,2,0,0
20200203,376,62,0,0
20200204,405,34,0,0
20200205,383,50,0,0
20200206,340,90,0,0
20200207,739,66,0,0
20200208,37,0,0,0
20200209,51,0,0,0
20200210,577,112,0,0
20200211,541,94,1,0
20200212,537,104,0,1
20200213,402,118,0,3
20200214,351,68,0,29
20200215,42,0,0,0
20200216,86,0,0,0
20200217,671,12,0,3
20200218,562,28,0,1
20200219,603,42,0,1
20200220,348,73,0,11
20200221,378,64,0,4
20200222,19,0,0,0
20200223,44,0,0,0
20200224,445,68,0,3
20200225,632,94,2,3
20200226,471,92,2,2
20200227,1215,152,1,9
20200228,384,99,8,9
20200229,121,0,0,0
20200301,85,0,0,0
20200302,443,50,0,8
20200303,514,40,0,8
20200304,424,60,0,10
20200305,395,110,0,41
20200306,523,76,1,28
20200307,55,0,0,0
20200308,86,0,0,0
20200309,511,62,1,31
20200310,528,34,2,45
20200311,405,34,1,99
20200312,652,100,3,190
20200313,394,12,34,143
20200314,63,0,0,0
20200315,130,0,0,0
20200316,327,0,9,286
20200317,789,0,11,187
20200318,470,2,22,189
20200319,429,0,67,459
20200320,975,2,206,179
20200321,417,0,0,0
20200322,243,0,0,0
20200323,1789,0,133,42
20200324,942,0,360,3
20200325,343,0,195,15
20200326,716,0,167,17
20200327,559,6,663,15
20200328,58,0,1,0
20200329,55,0,0,0
20200330,753,2,320,28
20200331,450,2,66,8
20200401,436,0,0,7
20200402,321,0,0,19
20200403,345,0,0,13
20200404,103,0,0,0
20200405,75,0,0,0
20200406,576,0,1,20
20200407,607,0,0,10
20200408,499,1,0,4
20200409,579,0,0,12
20200410,350,0,0,12
20200411,33,0,0,0
20200412,577,0,0,0
20200413,310,0,0,12
20200414,438,0,0,7
20200415,205,0,0,0
20200416,490,0,0,1
20200417,585,0,0,0
20200418,103,0,0,0
20200419,679,0,0,0
20200420,418,2,0,1
20200421,567,0,0,1
20200422,532,0,1,3
20200423,616,0,1,2
20200424,853,0,1,0
20200425,215,0,0,0
20200426,96,0,0,0
20200427,420,1,1,2
20200428,649,0,2,2
20200429,530,2,3,3
20200430,41,0,0,0
20200501,16,0,0,0
20200502,214,0,0,0
20200503,201,0,0,0
20200504,400,0,0,0
20200505,21,0,0,0
20200506,395,0,0,3
20200507,965,3,0,10
20200508,249,3,0,8
20200509,36,0,0,0
20200510,319,0,0,0
20200511,606,0,0,16
20200512,571,2,0,29
20200513,295,5,0,74
20200514,350,3,1,278
20200515,405,1,0,1597
20200516,178,0,0,0
20200517,177,0,0,0
20200518,444,0,0,1
20200519,738,0,0,1
20200520,467,0,0,2
20200521,308,3,0,3
20200522,459,0,0,10
20200523,79,0,0,0
20200524,210,0,0,0
20200525,519,0,1,2
20200526,487,2,1,1
20200527,565,4,0,8
20200528,364,4,1,6
20200529,271,1,0,14
20200530,258,0,0,0
20200531,140,0,0,0
20200601,511,1,0,10
20200602,395,0,0,1
20200603,546,0,0,0
20200604,772,0,0,2
20200605,541,0,0,1
20200606,28,0,0,0
20200607,339,0,0,0
20200608,627,2,0,2
20200609,492,0,0,2
20200610,350,0,0,1
20200611,573,2,0,5
20200612,250,0,1,4
20200613,20,0,0,0
20200614,120,0,0,0
20200615,586,2,0,10
20200616,541,0,0,1
20200617,383,0,0,3
20200618,708,0,0,6
20200619,463,2,6,2
20200620,58,0,0,0
20200621,195,0,0,0
20200622,549,0,0,0
20200623,721,2,0,1
20200624,832,0,1,3
20200625,363,0,2,1
20200626,360,2,6,1
20200627,59,0,0,0
20200628,10,0,0,0
20200629,372,0,3,6
20200630,253,0,1,3
20200701,209,0,0,0
20200702,593,0,0,0
20200703,381,1,0,2
20200704,111,0,0,0
20200705,105,0,0,0
20200706,476,0,0,1
20200707,529,1,0,0
20200708,718,2,0,1
20200709,579,2,0,2
20200710,261,1,0,0
20200711,33,0,0,0
20200712,73,0,0,0
20200713,521,1,0,1
20200714,318,0,0,1
20200715,361,0,0,2
20200716,354,1,0,1
20200717,252,0,0,0
20200718,36,0,0,0
20200719,107,0,0,0
20200720,387,0,0,0
20200721,259,2,0,0
20200722,275,1,0,0
20200723,357,4,0,0
20200724,244,4,0,0
20200725,42,0,0,0
20200726,153,0,0,0
20200727,358,2,0,0
20200728,534,3,1,0
20200729,275,0,0,1
20200730,338,4,0,0
20200731,426,2,0,2
20200801,105,0,0,0
20200802,670,0,0,0
20200803,358,0,0,2
20200804,269,1,0,1
20200805,417,1,0,0
20200806,564,2,0,3
20200807,325,2,0,7
20200808,51,0,0,0
20200809,39,0,0,0
20200810,522,2,0,5
20200811,400,3,0,22
20200812,365,4,0,39
20200813,322,6,0,265
20200814,225,4,0,1690
20200815,60,0,0,0
20200816,11,0,0,0
20200817,94,0,0,0
20200818,714,0,0,2
20200819,294,0,0,3
20200820,258,0,0,5
20200821,385,0,0,1
20200822,71,0,0,0
20200823,63,0,0,0
20200824,303,1,0,4
20200825,317,0,0,3
20200826,292,4,0,1
20200827,234,4,0,6
20200828,223,0,0,17
20200829,39,0,0,0
20200830,12,0,0,0
20200831,300,1,0,17
20200901,508,0,0,0
20200902,335,0,0,1
20200903,337,0,0,2
20200904,349,2,0,0
20200905,312,0,0,0
20200906,116,0,0,0
20200907,418,0,0,0
20200908,340,0,0,0
20200909,467,0,0,0
20200910,320,2,0,0
20200911,359,0,0,3
20200912,38,0,0,0
20200913,33,0,0,0
20200914,471,0,0,8
20200915,477,0,0,1
20200916,416,0,0,2
20200917,376,1,0,3
20200918,480,0,1,3
20200919,28,0,0,0
20200920,90,0,0,0
20200921,827,0,0,2
20200922,872,1,0,1
20200923,648,0,2,0
20200924,499,0,0,1
20200925,485,0,7,1
20200926,45,0,0,0
20200927,75,0,0,0
20200928,586,0,6,4
20200929,340,0,3,0
20200930,5,0,0,0
20201001,9,0,0,0
20201002,6,0,0,0
20201003,15,0,0,0
20201004,19,0,0,0
20201005,407,1,0,2
20201006,552,1,0,1
20201007,308,0,0,0
20201008,335,0,0,2
20201009,23,0,0,0
20201010,82,0,0,0
20201011,65,0,0,0
20201012,409,3,0,1
20201013,348,0,0,0
20201014,745,2,0,1
20201015,529,0,0,2
20201016,525,0,0,2
20201017,36,0,0,0
20201018,10,0,0,0
20201019,566,0,0,0
20201020,525,2,0,0
20201021,719,0,0,2
20201022,578,1,1,0
20201023,584,0,0,0
20201024,45,0,0,0
20201025,173,0,0,0
20201026,274,0,0,1
20201027,491,2,1,3
20201028,392,0,0,0
20201029,555,2,1,0
20201030,468,3,0,3
20201031,56,0,0,0
20201101,251,0,0,0
20201102,460,1,0,1
20201103,351,0,0,4
20201104,513,0,0,3
20201105,352,4,0,7
20201106,545,1,0,8
20201107,52,0,0,0
20201108,52,0,0,0
20201109,415,0,0,8
20201110,415,1,0,22
20201111,451,2,0,42
20201112,460,0,0,99
20201113,435,1,0,553
20201114,87,0,0,0
20201115,117,0,0,0
20201116,477,0,0,1329
20201117,576,0,0,6
20201118,840,0,1,2
20201119,692,0,0,1
20201120,300,0,0,1
20201121,73,0,0,0
20201122,75,0,0,0
20201123,353,2,1,0
20201124,1205,2,0,2
20201125,651,0,0,1
20201126,644,0,0,4
20201127,445,0,0,23
20201128,69,0,0,0
20201129,62,0,0,0
20201130,505,2,0,26
20201201,477,0,0,0
20201202,409,0,0,0
20201203,941,0,1,0
20201204,441,0,0,2
20201205,62,0,0,0
20201206,74,0,0,0
20201207,513,12,0,0
20201208,842,4,0,0
20201209,727,2,0,0
20201210,1276,4,0,0
20201211,753,8,0,1
20201212,116,0,0,0
20201213,115,0,0,0
20201214,465,18,0,1
20201215,692,12,0,1
20201216,660,18,0,1
20201217,478,8,0,1
20201218,517,12,0,2
20201219,43,0,0,0
20201220,153,0,0,0
20201221,822,30,1,3
20201222,531,6,1,0
20201223,322,12,0,1
20201224,516,4,2,2
20201225,23,0,0,0
20201226,13,0,0,0
20201227,1932,0,0,0
20201228,573,12,2,0
20201229,639,0,1,0
20201230,219,0,0,0
20201231,83,0,0,0
20210101,6,0,0,0
20210102,30,0,0,0
20210103,35,0,0,0
20210104,279,0,0,0
20210105,601,0,0,0
20210106,1016,0,0,0
20210107,336,0,0,1
20210108,331,0,0,2
20210109,103,0,0,0
20210110,19,0,0,0
20210111,319,0,0,0
20210112,297,0,0,0
20210113,364,0,0,0
20210114,355,0,0,0
20210115,563,0,0,1
20210116,96,0,0,0
20210117,40,0,0,0
20210118,209,0,0,1
20210119,448,0,0,2
20210120,408,0,0,0
20210121,358,0,0,0
20210122,460,0,0,0
20210123,29,0,0,0
20210124,9,0,0,0
20210125,309,0,0,0
20210126,304,0,0,0
20210127,549,0,0,1
20210128,274,0,0,0
20210129,268,0,0,1
20210130,122,0,0,0
20210131,41,0,0,0
20210201,277,0,0,0
20210202,465,0,0,0
20210203,540,0,0,0
20210204,349,0,0,0
20210205,351,0,0,2
20210206,46,0,0,0
20210207,90,0,0,0
20210208,366,0,0,0
20210209,326,0,0,0
20210210,332,0,0,2
20210211,113,0,0,0
20210212,101,0,0,0
20210213,95,0,0,0
20210214,112,0,0,0
20210215,583,0,0,0
20210216,321,0,0,0
20210217,407,0,0,0
20210218,368,0,0,0
20210219,673,0,0,1
20210220,32,0,0,0
20210221,81,0,0,0
20210222,504,0,0,3
20210223,512,0,0,0
20210224,565,0,0,0
20210225,534,0,0,0
20210226,333,0,0,0
20210227,65,0,0,0
20210228,8,0,0,0
20210301,91,0,0,0
20210302,506,0,0,0
20210303,511,0,0,2
20210304,239,0,0,0
20210305,441,0,0,0
20210306,72,0,0,0
20210307,4,0,0,0
20210308,677,0,0,0
20210309,521,0,0,0
20210310,365,0,0,0
20210311,839,0,0,0
20210312,1228,0,0,0
20210313,1451,0,0,0
20210314,388,0,0,0
20210315,417,0,0,0
20210316,1039,0,0,0
20210317,1243,0,0,0
20210318,832,0,0,0
20210319,669,0,0,0
20210320,1746,0,0,0
20210321,1065,0,0,0
20210322,558,0,0,0
20210323,670,0,0,0
20210324,737,0,0,0
20210325,428,0,0,0
20210326,433,0,0,2
20210327,16,0,0,0
20210328,90,0,0,0
20210329,450,0,0,0
20210330,895,0,0,0
20210331,519,0,0,0
20210401,466,0,0,0
20210402,338,0,0,0
20210403,121,0,0,0
20210404,104,0,0,0
20210405,488,0,0,0
20210406,457,0,0,0
20210407,453,0,0,0
20210408,392,0,0,0
20210409,288,0,0,0
20210410,23,0,0,0
20210411,67,0,0,0
20210412,475,0,0,0
20210413,418,0,0,0
20210414,373,0,0,0
20210415,300,0,0,0
20210416,274,0,0,0
20210417,18,0,0,0
20210418,75,0,0,0
20210419,387,0,0,0
20210420,453,0,0,0
20210421,308,0,0,0
20210422,335,0,0,1
20210423,313,0,0,0
20210424,18,0,0,0
20210425,50,0,0,0
20210426,348,0,0,0
20210427,478,0,0,0
20210428,288,0,0,0
20210429,393,0,0,0
20210430,518,0,0,0
20210501,34,0,0,0
20210502,102,0,0,0
20210503,439,0,0,0
20210504,507,0,0,0
20210505,98,0,0,0
20210506,372,0,0,0
20210507,399,0,0,1
20210508,63,0,0,0
20210509,70,0,0,0
20210510,232,0,0,0
20210511,347,0,0,0
20210512,545,0,0,0
20210513,551,0,0,0
20210514,411,0,0,0
20210515,53,0,0,0
20210516,115,0,0,0
20210517,467,0,0,0
20210518,496,0,0,0
20210519,35,0,0,0
20210520,349,0,0,0
20210521,468,0,0,0
20210522,19,0,0,0
20210523,88,0,0,0
20210524,275,0,0,0
20210525,556,0,0,0
20210526,692,0,0,0
20210527,491,0,0,0
20210528,477,0,0,0
20210529,44,0,0,0
20210530,53,0,0,0
20210531,297,0,0,0
20210601,316,0,0,0
20210602,285,0,0,0
20210603,444,0,0,0
20210604,655,0,0,0
20210605,32,0,0,0
20210606,95,0,0,0
20210607,304,0,0,0
20210608,440,0,0,0
20210609,429,0,0,0
20210610,298,0,0,0
20210611,595,0,0,0
20210612,49,0,0,0
20210613,396,0,0,0
20210614,428,0,0,0
20210615,772,0,0,0
20210616,618,0,0,0
20210617,473,0,0,0
20210618,398,0,0,0
20210619,23,0,0,0
20210620,66,0,0,0
20210621,483,0,0,0
20210622,484,0,0,0
20210623,329,0,0,0
20210624,464,0,0,0
20210625,518,0,0,0
20210626,22,0,0,0
20210627,64,0,0,0
20210628,540,0,0,0
20210629,388,0,0,0
20210630,456,0,0,0
20210701,257,0,0,0
20210702,250,0,0,0
20210703,31,0,0,0
20210704,22,0,0,0
20210705,296,0,0,0
20210706,479,0,0,0
20210707,543,0,0,0
20210708,395,0,0,0
20210709,245,0,0,0
20210710,51,0,0,0
20210711,49,0,0,0
20210712,406,0,0,0
20210713,246,0,0,0
20210714,440,0,0,0
20210715,320,0,0,0
20210716,455,0,0,0
20210717,90,0,0,0
20210718,23,0,0,0
20210719,314,0,0,0
20210720,166,0,0,1
20210721,516,0,0,0
20210722,360,0,0,0
20210723,475,0,0,0
20210724,105,0,0,0
20210725,66,0,0,0
20210726,321,0,0,0
20210727,234,0,0,0
20210728,384,0,0,0
20210729,444,0,0,0
20210730,306,0,0,0
20210731,78,0,0,0
20210801,66,0,0,0
20210802,434,0,0,0
20210803,541,0,0,0
20210804,416,0,0,0
20210805,417,0,0,0
20210806,568,0,0,0
20210807,119,0,0,0
20210808,271,0,0,0
20210809,328,0,0,0
20210810,600,0,0,0
20210811,434,0,0,0
20210812,453,0,0,0
20210813,330,0,0,0
20210814,102,0,0,0
20210815,9,0,0,0
20210816,40,0,0,0
20210817,404,0,0,0
20210818,517,0,0,0
20210819,521,0,0,0
20210820,359,0,0,0
20210821,161,0,0,0
20210822,58,0,0,0
20210823,528,0,0,0
20210824,333,0,0,0
20210825,585,0,0,0
20210826,477,0,0,0
20210827,486,0,0,0
20210828,90,0,0,0
20210829,51,0,0,0
20210830,378,0,0,0
20210831,505,0,0,0
20210901,591,0,0,0
20210902,433,0,0,0
20210903,313,0,0,0
20210904,193,0,0,0
20210905,77,0,0,0
20210906,404,0,0,0
20210907,495,0,0,0
20210908,378,0,0,0
20210909,1264,0,0,0
20210910,334,0,0,0
20210911,24,0,0,0
20210912,94,0,0,0
20210913,553,0,0,0
20210914,621,0,0,0
20210915,386,0,0,0
20210916,1307,0,0,0
20210917,628,0,0,0
20210918,26,0,0,0
20210919,7,0,0,0
20210920,5,0,0,0
20210921,18,0,0,0
20210922,149,0,0,0
20210923,801,0,0,0
20210924,676,0,0,0
20210925,20,0,0,0
20210926,98,0,0,0
20210927,495,0,0,0
20210928,958,0,0,0
20210929,537,0,0,0
20210930,521,0,0,0
20211001,589,0,0,0
20211002,49,0,0,0
20211003,66,0,0,0
20211004,70,0,0,0
20211005,424,0,0,0
20211006,507,0,0,0
20211007,488,0,0,0
20211008,446,0,0,0
20211009,28,0,0,0
20211010,58,0,0,0
20211011,118,0,0,0
20211012,627,0,0,0
20211013,519,0,0,0
20211014,653,0,0,0
20211015,361,0,0,0
20211016,83,0,0,0
20211017,91,0,0,0
20211018,448,0,0,0
20211019,410,0,0,0
20211020,554,0,0,0
20211021,390,0,0,0
20211022,190,0,0,0
20211023,36,0,0,0
20211024,15,0,0,0
20211025,176,0,0,0
20211026,319,0,0,0
20211027,191,0,0,0
20211028,263,0,0,0
20211029,181,0,0,0
20211030,64,0,0,0
20211031,212,0,0,0
20211101,158,0,0,0
20211102,465,0,0,0
20211103,316,0,0,0
20211104,419,0,0,0
20211105,376,0,0,0
20211106,43,0,0,0
20211107,40,0,0,0
20211108,457,0,0,0
20211109,429,0,0,0
20211110,479,0,0,0
20211111,346,0,0,0
20211112,525,0,0,0
20211113,34,0,0,0
20211114,201,0,0,0
20211115,493,0,0,0
20211116,463,0,0,0
20211117,417,0,0,0
20211118,401,0,0,0
20211119,317,0,0,0
20211120,52,0,0,0
20211121,95,0,0,0
20211122,299,0,0,0
20211123,232,0,0,0
20211124,410,0,0,0
20211125,311,0,0,0
20211126,200,0,0,0
20211127,39,0,0,0
20211128,17,0,0,0
20211129,240,0,0,0
20211130,438,0,0,0
20211201,316,0,0,0
20211202,454,0,0,0
20211203,336,0,0,0
20211204,110,0,0,0
20211205,126,0,0,0
20211206,490,0,0,0
20211207,413,0,0,0
20211208,441,0,0,0
20211209,558,0,0,0
20211210,482,0,0,0
20211211,117,0,0,0
20211212,118,0,0,0
20211213,625,0,0,0
20211214,403,0,0,0
20211215,538,0,0,0
20211216,427,0,0,0
20211217,423,0,0,0
20211218,50,0,0,0
20211219,49,0,0,0
20211220,423,0,0,0
20211221,557,0,0,0
20211222,397,0,0,0
20211223,495,0,0,0
20211224,367,0,0,0
20211225,67,0,0,0
20211226,87,0,0,0
20211227,899,0,0,0
20211228,635,0,0,0
20211229,341,0,0,0
20211230,309,0,0,0
20211231,52,0,0,0
